﻿<?xml version="1.0" encoding="UTF-8"?>
<?valbuddy_schematron ../wmtsSimpleGetCapabilities.sch?>
<!-- edited with XMLSpy v2008 sp1 (http://www.altova.com) by Joan Masó (UAB-CREAF-MiraMon). Based on previous documents of WMTS 1.0. -->
<Capabilities xmlns="http://www.opengis.net/wmts/1.0" 
				xmlns:ows="http://www.opengis.net/ows/1.1" 
				xmlns:xlink="http://www.w3.org/1999/xlink" 
				xmlns:xsi="http://www.w3.org/2001/XMLSchema-instance" 
				xsi:schemaLocation="http://www.opengis.net/wmts/1.0 
									http://schemas.opengis.net/wmts/1.0/wmtsGetCapabilities_response.xsd" version="1.0.0">
	<ows:ServiceIdentification>
		<ows:Title>OpenStreetMap example Web Map Tile Service</ows:Title>
		<ows:Keywords>
			<ows:Keyword>World</ows:Keyword>
			<ows:Keyword>Global</ows:Keyword>
			<ows:Keyword>Streets</ows:Keyword>
		</ows:Keywords>
		<ows:ServiceType>OGC WMTS</ows:ServiceType>
		<ows:ServiceTypeVersion>1.0.0</ows:ServiceTypeVersion>
		<ows:Profile>http://www.opengis.net/spec/wmts-simple/1.0/conf/simple-profile</ows:Profile>
		<ows:Fees>none</ows:Fees>
		<ows:AccessConstraints>none</ows:AccessConstraints>
	</ows:ServiceIdentification>
	<ows:ServiceProvider>
		<ows:ProviderName>OSM</ows:ProviderName>
		<ows:ProviderSite xlink:href="http://wiki.openstreetmap.org"/>
		<ows:ServiceContact/>
	</ows:ServiceProvider>
	<Contents>
		<Layer>
			<ows:Title>Open Street Map</ows:Title>
			<ows:WGS84BoundingBox>
				<ows:LowerCorner>-180 -90</ows:LowerCorner>
				<ows:UpperCorner>180 90</ows:UpperCorner>
			</ows:WGS84BoundingBox>
			<ows:Identifier>OSM</ows:Identifier>
			<ows:BoundingBox>
				<ows:LowerCorner>-20037508.3427892 -20037508.3427892</ows:LowerCorner>
				<ows:UpperCorner>-20037508.3427892 20037508.3427892</ows:UpperCorner>
			</ows:BoundingBox>
			<Style isDefault="true">
				<ows:Title>default</ows:Title>
				<ows:Identifier/>
			</Style>
			<Format>image/png</Format>
			<TileMatrixSetLink>
				<TileMatrixSet>WorldWebMercatorQuad</TileMatrixSet>
			</TileMatrixSetLink>
			<ResourceURL format="image/png" resourceType="simpleProfileTile" template="http://tile.openstreetmap.org/{TileMatrix}/{TileCol}/{TileRow}.png"/>
			<ResourceURL format="image/png" resourceType="tile" template="http://tile.openstreetmap.org/{TileMatrix}/{TileCol}/{TileRow}.png"/>
		</Layer>
		<TileMatrixSet>
			<ows:Title>Google Maps Compatible for the World</ows:Title>
			<ows:Identifier>WorldWebMercatorQuad</ows:Identifier>
			<ows:BoundingBox crs="urn:ogc:def:crs:EPSG::3857">
				<ows:LowerCorner>-20037508.3427892 -20037508.3427892</ows:LowerCorner>
				<ows:UpperCorner>20037508.3427892 20037508.3427892</ows:UpperCorner>
			</ows:BoundingBox>
			<ows:SupportedCRS>
             urn:ogc:def:crs:EPSG::3857
         </ows:SupportedCRS>
			<WellKnownScaleSet>urn:ogc:def:wkss:OGC:1.0:GoogleMapsCompatible</WellKnownScaleSet>
			<TileMatrix>
				<ows:Identifier>0</ows:Identifier>
				<ScaleDenominator>559082264.0287178</ScaleDenominator>
				<TopLeftCorner>-20037508.3427892 20037508.3427892</TopLeftCorner>
				<TileWidth>256</TileWidth>
				<TileHeight>256</TileHeight>
				<MatrixWidth>1</MatrixWidth>
				<MatrixHeight>1</MatrixHeight>
			</TileMatrix>
			<TileMatrix>
				<ows:Identifier>1</ows:Identifier>
				<ScaleDenominator>279541132.0143589</ScaleDenominator>
				<TopLeftCorner>-20037508.3427892 20037508.3427892</TopLeftCorner>
				<TileWidth>256</TileWidth>
				<TileHeight>256</TileHeight>
				<MatrixWidth>2</MatrixWidth>
				<MatrixHeight>2</MatrixHeight>
			</TileMatrix>
			<TileMatrix>
				<ows:Identifier>2</ows:Identifier>
				<ScaleDenominator>139770566.0071794</ScaleDenominator>
				<TopLeftCorner>-20037508.3427892 20037508.3427892</TopLeftCorner>
				<TileWidth>256</TileWidth>
				<TileHeight>256</TileHeight>
				<MatrixWidth>4</MatrixWidth>
				<MatrixHeight>4</MatrixHeight>
			</TileMatrix>
			<TileMatrix>
				<ows:Identifier>3</ows:Identifier>
				<ScaleDenominator>69885283.00358972</ScaleDenominator>
				<TopLeftCorner>-20037508.3427892 20037508.3427892</TopLeftCorner>
				<TileWidth>256</TileWidth>
				<TileHeight>256</TileHeight>
				<MatrixWidth>8</MatrixWidth>
				<MatrixHeight>8</MatrixHeight>
			</TileMatrix>
			<TileMatrix>
				<ows:Identifier>4</ows:Identifier>
				<ScaleDenominator>34942641.50179486</ScaleDenominator>
				<TopLeftCorner>-20037508.3427892 20037508.3427892</TopLeftCorner>
				<TileWidth>256</TileWidth>
				<TileHeight>256</TileHeight>
				<MatrixWidth>16</MatrixWidth>
				<MatrixHeight>16</MatrixHeight>
			</TileMatrix>
			<TileMatrix>
				<ows:Identifier>5</ows:Identifier>
				<ScaleDenominator>17471320.75089743</ScaleDenominator>
				<TopLeftCorner>-20037508.3427892 20037508.3427892</TopLeftCorner>
				<TileWidth>256</TileWidth>
				<TileHeight>256</TileHeight>
				<MatrixWidth>32</MatrixWidth>
				<MatrixHeight>32</MatrixHeight>
			</TileMatrix>
			<TileMatrix>
				<ows:Identifier>6</ows:Identifier>
				<ScaleDenominator>8735660.375448715</ScaleDenominator>
				<TopLeftCorner>-20037508.3427892 20037508.3427892</TopLeftCorner>
				<TileWidth>256</TileWidth>
				<TileHeight>256</TileHeight>
				<MatrixWidth>64</MatrixWidth>
				<MatrixHeight>64</MatrixHeight>
			</TileMatrix>
			<TileMatrix>
				<ows:Identifier>7</ows:Identifier>
				<ScaleDenominator>4367830.187724357</ScaleDenominator>
				<TopLeftCorner>-20037508.3427892 20037508.3427892</TopLeftCorner>
				<TileWidth>256</TileWidth>
				<TileHeight>256</TileHeight>
				<MatrixWidth>128</MatrixWidth>
				<MatrixHeight>128</MatrixHeight>
			</TileMatrix>
			<TileMatrix>
				<ows:Identifier>8</ows:Identifier>
				<ScaleDenominator>2183915.093862179</ScaleDenominator>
				<TopLeftCorner>-20037508.3427892 20037508.3427892</TopLeftCorner>
				<TileWidth>256</TileWidth>
				<TileHeight>256</TileHeight>
				<MatrixWidth>256</MatrixWidth>
				<MatrixHeight>256</MatrixHeight>
			</TileMatrix>
			<TileMatrix>
				<ows:Identifier>9</ows:Identifier>
				<ScaleDenominator>1091957.546931089</ScaleDenominator>
				<TopLeftCorner>-20037508.3427892 20037508.3427892</TopLeftCorner>
				<TileWidth>256</TileWidth>
				<TileHeight>256</TileHeight>
				<MatrixWidth>512</MatrixWidth>
				<MatrixHeight>512</MatrixHeight>
			</TileMatrix>
			<TileMatrix>
				<ows:Identifier>10</ows:Identifier>
				<ScaleDenominator>545978.7734655447</ScaleDenominator>
				<TopLeftCorner>-20037508.3427892 20037508.3427892</TopLeftCorner>
				<TileWidth>256</TileWidth>
				<TileHeight>256</TileHeight>
				<MatrixWidth>1024</MatrixWidth>
				<MatrixHeight>1024</MatrixHeight>
			</TileMatrix>
			<TileMatrix>
				<ows:Identifier>11</ows:Identifier>
				<ScaleDenominator>272989.3867327723</ScaleDenominator>
				<TopLeftCorner>-20037508.3427892 20037508.3427892</TopLeftCorner>
				<TileWidth>256</TileWidth>
				<TileHeight>256</TileHeight>
				<MatrixWidth>2048</MatrixWidth>
				<MatrixHeight>2048</MatrixHeight>
			</TileMatrix>
			<TileMatrix>
				<ows:Identifier>12</ows:Identifier>
				<ScaleDenominator>136494.6933663862</ScaleDenominator>
				<TopLeftCorner>-20037508.3427892 20037508.3427892</TopLeftCorner>
				<TileWidth>256</TileWidth>
				<TileHeight>256</TileHeight>
				<MatrixWidth>4096</MatrixWidth>
				<MatrixHeight>4096</MatrixHeight>
			</TileMatrix>
			<TileMatrix>
				<ows:Identifier>13</ows:Identifier>
				<ScaleDenominator>68247.34668319309</ScaleDenominator>
				<TopLeftCorner>-20037508.3427892 20037508.3427892</TopLeftCorner>
				<TileWidth>256</TileWidth>
				<TileHeight>256</TileHeight>
				<MatrixWidth>8196</MatrixWidth>
				<MatrixHeight>8196</MatrixHeight>
			</TileMatrix>
			<TileMatrix>
				<ows:Identifier>14</ows:Identifier>
				<ScaleDenominator>34123.67334159654</ScaleDenominator>
				<TopLeftCorner>-20037508.3427892 20037508.3427892</TopLeftCorner>
				<TileWidth>256</TileWidth>
				<TileHeight>256</TileHeight>
				<MatrixWidth>16392</MatrixWidth>
				<MatrixHeight>16392</MatrixHeight>
			</TileMatrix>
			<TileMatrix>
				<ows:Identifier>15</ows:Identifier>
				<ScaleDenominator>17061.83667079827</ScaleDenominator>
				<TopLeftCorner>-20037508.3427892 20037508.3427892</TopLeftCorner>
				<TileWidth>256</TileWidth>
				<TileHeight>256</TileHeight>
				<MatrixWidth>32784</MatrixWidth>
				<MatrixHeight>32784</MatrixHeight>
			</TileMatrix>
			<TileMatrix>
				<ows:Identifier>16</ows:Identifier>
				<ScaleDenominator>8530.918335399136</ScaleDenominator>
				<TopLeftCorner>-20037508.3427892 20037508.3427892</TopLeftCorner>
				<TileWidth>256</TileWidth>
				<TileHeight>256</TileHeight>
				<MatrixWidth>65568</MatrixWidth>
				<MatrixHeight>65568</MatrixHeight>
			</TileMatrix>
			<TileMatrix>
				<ows:Identifier>17</ows:Identifier>
				<ScaleDenominator>4265.459167699568</ScaleDenominator>
				<TopLeftCorner>-20037508.3427892 20037508.3427892</TopLeftCorner>
				<TileWidth>256</TileWidth>
				<TileHeight>256</TileHeight>
				<MatrixWidth>131136</MatrixWidth>
				<MatrixHeight>131136</MatrixHeight>
			</TileMatrix>
			<TileMatrix>
				<ows:Identifier>18</ows:Identifier>
				<ScaleDenominator>2132.729583849784</ScaleDenominator>
				<TopLeftCorner>-20037508.3427892 20037508.3427892</TopLeftCorner>
				<TileWidth>256</TileWidth>
				<TileHeight>256</TileHeight>
				<MatrixWidth>262272</MatrixWidth>
				<MatrixHeight>262272</MatrixHeight>
			</TileMatrix>
		</TileMatrixSet>
	</Contents>
	<ServiceMetadataURL xlink:href="http://tile.openstreetmap.org/1.0.0/WMTSCapabilities.xml"/>
</Capabilities>
