<?xml version="1.0"?>
<?xml-stylesheet type="text/xsl" href="Stylesheet/Vector_Attributes.xsl"?>
<Vector_Attributes
  xmlns:xsi="http://www.w3.org/2001/XMLSchema-instance"
  xmlns="http://www.opengis.net/cdb/1.0/Vector_Attributes"
  xsi:schemaLocation="http://www.opengis.net/cdb/1.0/Vector_Attributes Vector_Attributes.xsd"
  version="3.2">
    <Attributes group="DIGEST">
        <Attribute code="1" symbol="MYAT">
            <Name>My Attr1</Name>
            <Description>My Attribute description</Description>
            <Level>
                <Instance>Not Supported</Instance>
                <Class>Not Supported</Class>
                <Extended>Preferred</Extended>
            </Level>
            <Value>
                <Type>Numeric</Type>
                <Format>Integer</Format>
                <Range>
                    <Min>0</Min>
                    <Max>99</Max>
                </Range>
                <Length>2</Length>
            </Value>
        </Attribute>
        <Attribute code="2" symbol="XYZ">
            <Name>My Attr2</Name>
            <Description>My Attribute description</Description>
            <Level>
                <Instance>Not Supported</Instance>
                <Class>Not Supported</Class>
                <Extended>Preferred</Extended>
            </Level>
            <Value>
                <Type>Numeric</Type>
                <Format>Floating-Point</Format>
                <Precision>3.2</Precision>
                <Range interval="Left-Open">
                    <Min>0</Min>
                    <Max>999.99000000000001</Max>
                </Range>
                <Length>6</Length>
            </Value>
        </Attribute>
    </Attributes>
    <Attributes group="DFDD">
        <Attribute code="1" symbol="ABC">
            <Name>My Attr3</Name>
            <Description>My Attribute description</Description>
            <Level>
                <Instance>Not Supported</Instance>
                <Class>Not Supported</Class>
                <Extended>Preferred</Extended>
            </Level>
            <Value>
                <Type>Text</Type>
                <Length>16</Length>
            </Value>
        </Attribute>
    </Attributes>
  <Units>
    <Unit code="1" symbol="m">
      <Name>meter</Name>
      <Description>To measure a length.</Description>
    </Unit>
    <Unit code="2" symbol="deg">
      <Name>degree</Name>
      <Description>To mesure an angle.</Description>
    </Unit>
    <Unit code="3" symbol="rad">
      <Name>radian</Name>
      <Description>To mesure an angle.</Description>
    </Unit>
    <Unit code="4" symbol="kph">
      <Name>Kilometer per hour</Name>
      <Description>To measure a speed.</Description>
    </Unit>
    <Unit code="5" symbol="g">
      <Name>gram</Name>
      <Description>To measure a mass.</Description>
    </Unit>
    <Unit code="6" symbol="s">
      <Name>second</Name>
      <Description>To measure time.</Description>
    </Unit>
    <Unit code="7" symbol="%">
      <Name>Percentage</Name>
      <Description>A value between 0 and 100.</Description>
    </Unit>
  </Units>
  <Scalers>
    <Scaler code="1" symbol="k">
      <Name>kilo</Name>
      <Description>A multiplier: thousand</Description>
      <Multiplier>1000</Multiplier>
    </Scaler>
    <Scaler code="2" symbol="m">
      <Name>milli</Name>
      <Description>A divisor: thousandth</Description>
      <Multiplier>0.001</Multiplier>
    </Scaler>
  </Scalers>
</Vector_Attributes>
