<?xml version="1.0" encoding="UTF-8"?>
<sml:SimpleProcess gml:id="SensorModelTest_CR551"
xmlns:sml="http://www.opengis.net/sensorml/2.0"
xmlns:swe="http://www.opengis.net/swe/2.0"
xmlns:gml="http://www.opengis.net/gml/3.2"
xmlns:xsi="http://www.w3.org/2001/XMLSchema-instance"
xmlns:xlink="http://www.w3.org/1999/xlink"
xsi:schemaLocation="http://www.opengis.net/sensorml/2.0 http://schemas.opengis.net/sensorML/2.0/sensorML.xsd">
	<gml:description>
        Test of placing text encoding in a swe:DataArray
    </gml:description>
    <gml:name>CR551 Sensor Model Test</gml:name>
    <sml:parameters>
    	<sml:ParameterList>
    		<sml:parameter name="fsmmgSensorImage">
               <swe:DataRecord definition="http://gmljp2.aeroptic.com/def/property/OGC/0/fsmmgSensorImage">
                    <swe:label>FSMMG Parameters Valid For Current Image</swe:label>
    				<swe:field name="positionOrientationState">
    					<swe:DataRecord>
    						<swe:label>Sensor Position Orientation State</swe:label>
    						<swe:field name="perspectiveCenter">
    							<swe:DataArray definition="http://www.opengis.net/def/property/OGC/0/PerspectiveCenter">
									<swe:elementCount>
										<swe:Count>
											<swe:value>3</swe:value>
										</swe:Count>
									</swe:elementCount>
									<swe:elementType name="geocentricLocation">
										<swe:Vector referenceFrame="urn:ogc:def:crs:EPSG::4978">
								        	<swe:description>
												Sensor Perspective Center.
								        		Sensor perspective lens (L) center coordinate (X,Y,Z)(L) 
								        		at image collection time, in geocentric CS
                                                Format: 3 comma-separated numbers X,Y,Z
								        	</swe:description>
                                            <swe:coordinate name="x">
                                                <swe:Quantity definition="http://gmljp2.aeroptic.com/def/property/OGC/0/GeocentricCoordinate">
                                                    <swe:label>Perspective Lens Center X</swe:label>
                                                    <swe:uom code="m" />
                                                </swe:Quantity>
                                            </swe:coordinate>
    			            	        	<swe:coordinate name="y">
                                                <swe:Quantity definition="http://gmljp2.aeroptic.com/def/property/OGC/0/GeocentricCoordinate">
                                                    <swe:label>Perspective Lens Center Y</swe:label>
                                                    <swe:uom code="m" />
                                                </swe:Quantity>
                                            </swe:coordinate>
    			            	        	<swe:coordinate name="z">
                                                <swe:Quantity definition="http://gmljp2.aeroptic.com/def/property/OGC/0/GeocentricCoordinate">
                                                    <swe:label>Perspective Lens Center Z</swe:label>
                                                    <swe:uom code="m" />
                                                </swe:Quantity>
                                            </swe:coordinate>
                                        </swe:Vector>
									</swe:elementType>
								</swe:DataArray>
                            </swe:field>
    					</swe:DataRecord>
    				</swe:field>
    			</swe:DataRecord>
            </sml:parameter>
    		<sml:parameter name="fsmmgSensorSession">
                <swe:DataRecord definition="http://gmljp2.aeroptic.com/def/property/OGC/0/fsmmgSensorSession">
                    <swe:label>FSMMG Parameters Valid Over Current Imaging Session</swe:label>
    				<swe:field name="radialDistortion">
                        <swe:DataRecord>
                            <swe:label>Radial Distortion</swe:label>
    						<swe:field name="coefficients">
								<swe:DataArray definition="http://gmljp2.aeroptic.com/def/property/OGC/0/RadialDistortion">
							    	<swe:description>
							    		Radial lens distortion coefficients.
							    	</swe:description>
							    	<swe:elementCount>
							    		<swe:Count>
							    			<swe:value>5</swe:value>
							    		</swe:Count>
							    	</swe:elementCount>
									<swe:elementType name="radialDistortionCoefficients">
										<swe:DataRecord>
											<swe:field name="k0">
    				        		            <swe:Quantity definition="http://gmljp2.aeroptic.com/def/property/OGC/0/RadialDistortionCoefficient">
    				        		                <swe:label>k0</swe:label>
    				        		        		<swe:uom code="1" />
    				        		            </swe:Quantity>
    				        		        </swe:field>
                                            <swe:field name="k1">
                                                <swe:Quantity definition="http://gmljp2.aeroptic.com/def/property/OGC/0/RadialDistortionCoefficient">
                                                    <swe:label>k1</swe:label>
                                                    <swe:uom code="mm-2" />
                                                </swe:Quantity>
                                            </swe:field>
                                            <swe:field name="k2">
                                                <swe:Quantity definition="http://gmljp2.aeroptic.com/def/property/OGC/0/RadialDistortionCoefficient">
                                                    <swe:label>k2</swe:label>
                                                    <swe:uom code="mm-4" />
                                                </swe:Quantity>
                                            </swe:field>
                                            <swe:field name="k3">
                                                <swe:Quantity definition="http://gmljp2.aeroptic.com/def/property/OGC/0/RadialDistortionCoefficient">
                                                    <swe:label>k3</swe:label>
                                                    <swe:uom code="mm-6" />
                                                </swe:Quantity>
                                            </swe:field>
    				        		        <swe:field name="k4">
    				        		            <swe:Quantity definition="http://gmljp2.aeroptic.com/def/property/OGC/0/RadialDistortionCoefficient">
    				        		                <swe:label>k4</swe:label>
    				        		                <swe:uom code="mm-8" />
    				        		            </swe:Quantity>
    				        		        </swe:field>
										</swe:DataRecord>
									</swe:elementType>
<!-- Here's the encoding stuff: -->
								    <swe:encoding>
								        <swe:TextEncoding tokenSeparator="," blockSeparator="&#x0A;" decimalSeparator="." />
								    </swe:encoding>
								</swe:DataArray>
                            </swe:field>
    					</swe:DataRecord>
    				</swe:field>
    			</swe:DataRecord>
            </sml:parameter>
    	</sml:ParameterList>
    </sml:parameters>
    <sml:method xlink:href="http://gmljp2.aeroptic.com/def/method/CSM_FSMMG_v2102" />
</sml:SimpleProcess>